Handle,Title,Body (HTML),Vendor,Type,Tags,Published,Option1 Name,Option1 Value,Variant SKU,Variant Grams,Variant Inventory Tracker,Variant Inventory Qty,Variant Inventory Policy,Variant Fulfillment Service,Variant Price,Variant Compare At Price,Variant Requires Shipping,Variant Taxable,Variant Barcode,Image Src,Image Position,Image Alt Text,Gift Card,SEO Title,SEO Description,Google Shopping / Google Product Category,Google Shopping / Gender,Google Shopping / Age Group,Google Shopping / MPN,Google Shopping / AdWords Grouping,Google Shopping / AdWords Labels,Google Shopping / Condition,Google Shopping / Custom Product,Google Shopping / Custom Label 0,Google Shopping / Custom Label 1,Google Shopping / Custom Label 2,Google Shopping / Custom Label 3,Google Shopping / Custom Label 4,Variant Image,Variant Weight Unit,Variant Tax Code,Cost per item
face-sculpting-tool,Aura Clara Face Sculpting Tool - Red Light Therapy,"<h2>Transform Your Skin with Professional Red Light Therapy at Home</h2>

<p>Experience the power of clinical-grade red light therapy in the comfort of your own home. Our Face Sculpting Tool combines cutting-edge 630nm red light technology with gentle microcurrent stimulation to visibly lift, tone, and rejuvenate your skin.</p>

<h3>‚ú® What It Does</h3>
<ul>
<li><strong>Boosts Collagen Production:</strong> Red light at 630nm penetrates deep into skin layers, stimulating natural collagen synthesis for firmer, plumper skin</li>
<li><strong>Reduces Fine Lines & Wrinkles:</strong> See visible reduction in crow's feet, forehead lines, and smile lines in just 2-4 weeks</li>
<li><strong>Sculpts & Contours:</strong> Gentle microcurrent technology lifts and defines your jawline, cheekbones, and facial contours</li>
<li><strong>Improves Skin Tone:</strong> Promotes circulation and cell turnover for a radiant, even complexion</li>
<li><strong>Minimizes Pores:</strong> Tightens skin texture and reduces the appearance of enlarged pores</li>
</ul>

<h3>üåü Key Features</h3>
<ul>
<li>630nm Red Light wavelength (clinically proven for anti-aging)</li>
<li>Microcurrent technology for muscle toning</li>
<li>3 intensity modes (Gentle, Medium, Intensive)</li>
<li>Rechargeable USB-C battery (60-minute runtime)</li>
<li>Ergonomic design fits all face shapes</li>
<li>Medical-grade stainless steel head</li>
<li>Waterproof for use with serums or in shower</li>
<li>Auto shut-off timer (10 minutes)</li>
</ul>

<h3>üìã How to Use</h3>
<ol>
<li>Cleanse your face and apply your favorite serum</li>
<li>Turn on device and select intensity level</li>
<li>Gently glide over face in upward motions for 10 minutes</li>
<li>Use 3-5 times per week for best results</li>
</ol>

<h3>üíú The Aura Clara Difference</h3>
<p>Unlike cheap LED devices, our Face Sculpting Tool uses professional-grade components found in $300+ spa treatments. We've made clinical skincare accessible without compromising on quality.</p>

<p><strong>See results in as little as 2 weeks:</strong> 87% of users report visible reduction in fine lines, and 92% notice improved skin firmness.</p>

<h3>üì¶ What's Included</h3>
<ul>
<li>1x Face Sculpting Tool</li>
<li>1x USB-C Charging Cable</li>
<li>1x Travel Pouch</li>
<li>1x User Manual with Face Mapping Guide</li>
</ul>

<h3>üõ°Ô∏è Our Promise</h3>
<p>60-day money-back guarantee. If you don't see results, we'll refund you‚Äîno questions asked. Plus, 1-year warranty on all electronic components.</p>

<p class=""sustainability-note"">‚ôªÔ∏è Vegan ‚Ä¢ Cruelty-Free ‚Ä¢ Recyclable Packaging ‚Ä¢ Woman-Owned Business</p>",Aura Clara,Beauty Tools,"face sculpting,red light therapy,anti-aging,LED therapy,microcurrent,face lift,collagen boost,skin tightening,facial massage,beauty device,skincare tool,face massage,wrinkle reducer,bestseller",TRUE,Color,Rose Gold,AC-FST-RG-001,300,shopify,100,deny,manual,52.99,79.99,TRUE,TRUE,,https://www.auraclara.store/assets/images/face-sculpting-tool-box.png,1,Aura Clara Face Sculpting Tool with Red Light Therapy in elegant rose gold color,FALSE,Professional Red Light Therapy Face Sculpting Tool | Aura Clara,"Achieve spa-quality results at home with our Face Sculpting Tool. 630nm red light therapy + microcurrent technology reduces fine lines, boosts collagen, and sculpts your face. 60-day guarantee.",Health & Beauty > Personal Care > Cosmetics > Skin Care > Skin Care Tools,Female,Adult,AC-FST-001,Face Tools,Anti-Aging|Red Light|Bestseller,new,FALSE,Bestseller,Anti-Aging,Beauty Device,Rose Gold,LED Therapy,,lb,,18.00
face-sculpting-tool,Aura Clara Face Sculpting Tool - Red Light Therapy,"",Aura Clara,Beauty Tools,"face sculpting,red light therapy,anti-aging,LED therapy,microcurrent,face lift,collagen boost,skin tightening,facial massage,beauty device,skincare tool,face massage,wrinkle reducer,bestseller",TRUE,Color,Silver,AC-FST-SL-001,300,shopify,100,deny,manual,52.99,79.99,TRUE,TRUE,,https://www.auraclara.store/assets/images/face-sculpting-tool-box.png,1,Aura Clara Face Sculpting Tool with Red Light Therapy in sleek silver color,FALSE,Professional Red Light Therapy Face Sculpting Tool | Aura Clara,"Achieve spa-quality results at home with our Face Sculpting Tool. 630nm red light therapy + microcurrent technology reduces fine lines, boosts collagen, and sculpts your face. 60-day guarantee.",Health & Beauty > Personal Care > Cosmetics > Skin Care > Skin Care Tools,Female,Adult,AC-FST-001,Face Tools,Anti-Aging|Red Light|Bestseller,new,FALSE,Bestseller,Anti-Aging,Beauty Device,Silver,LED Therapy,,lb,,18.00
face-sculpting-tool,Aura Clara Face Sculpting Tool - Red Light Therapy,"",Aura Clara,Beauty Tools,"face sculpting,red light therapy,anti-aging,LED therapy,microcurrent,face lift,collagen boost,skin tightening,facial massage,beauty device,skincare tool,face massage,wrinkle reducer,bestseller",TRUE,Color,White,AC-FST-WH-001,300,shopify,100,deny,manual,52.99,79.99,TRUE,TRUE,,https://www.auraclara.store/assets/images/face-sculpting-tool-box.png,1,Aura Clara Face Sculpting Tool with Red Light Therapy in elegant white color,FALSE,Professional Red Light Therapy Face Sculpting Tool | Aura Clara,"Achieve spa-quality results at home with our Face Sculpting Tool. 630nm red light therapy + microcurrent technology reduces fine lines, boosts collagen, and sculpts your face. 60-day guarantee.",Health & Beauty > Personal Care > Cosmetics > Skin Care > Skin Care Tools,Female,Adult,AC-FST-001,Face Tools,Anti-Aging|Red Light|Bestseller,new,FALSE,Bestseller,Anti-Aging,Beauty Device,White,LED Therapy,,lb,,18.00
